phi,theta,xValue,yValue,zValue,FILE
0,30,166,166,166,images/1.jpg
0,30,166,499,166,images/2.jpg
0,30,166,832,166,images/3.jpg
0,90,166,166,166,images/4.jpg
0,90,166,499,166,images/5.jpg
0,90,166,832,166,images/6.jpg
0,150,166,166,166,images/7.jpg
0,150,166,499,166,images/8.jpg
0,150,166,832,166,images/9.jpg
0,30,166,166,499,images/10.jpg
0,30,166,499,499,images/11.jpg
0,30,166,832,499,images/12.jpg
0,90,166,166,499,images/13.jpg
0,90,166,499,499,images/14.jpg
0,90,166,832,499,images/15.jpg
0,150,166,166,499,images/16.jpg
0,150,166,499,499,images/17.jpg
0,150,166,832,499,images/18.jpg
0,30,166,166,832,images/19.jpg
0,30,166,499,832,images/20.jpg
0,30,166,832,832,images/21.jpg
0,90,166,166,832,images/22.jpg
0,90,166,499,832,images/23.jpg
0,90,166,832,832,images/24.jpg
0,150,166,166,832,images/25.jpg
0,150,166,499,832,images/26.jpg
0,150,166,832,832,images/27.jpg
0,30,499,166,166,images/28.jpg
0,30,499,499,166,images/29.jpg
0,30,499,832,166,images/30.jpg
0,90,499,166,166,images/31.jpg
0,90,499,499,166,images/32.jpg
0,90,499,832,166,images/33.jpg
0,150,499,166,166,images/34.jpg
0,150,499,499,166,images/35.jpg
0,150,499,832,166,images/36.jpg
0,30,499,166,499,images/37.jpg
0,30,499,499,499,images/38.jpg
0,30,499,832,499,images/39.jpg
0,90,499,166,499,images/40.jpg
0,90,499,499,499,images/41.jpg
0,90,499,832,499,images/42.jpg
0,150,499,166,499,images/43.jpg
0,150,499,499,499,images/44.jpg
0,150,499,832,499,images/45.jpg
0,30,499,166,832,images/46.jpg
0,30,499,499,832,images/47.jpg
0,30,499,832,832,images/48.jpg
0,90,499,166,832,images/49.jpg
0,90,499,499,832,images/50.jpg
0,90,499,832,832,images/51.jpg
0,150,499,166,832,images/52.jpg
0,150,499,499,832,images/53.jpg
0,150,499,832,832,images/54.jpg
0,30,832,166,166,images/55.jpg
0,30,832,499,166,images/56.jpg
0,30,832,832,166,images/57.jpg
0,90,832,166,166,images/58.jpg
0,90,832,499,166,images/59.jpg
0,90,832,832,166,images/60.jpg
0,150,832,166,166,images/61.jpg
0,150,832,499,166,images/62.jpg
0,150,832,832,166,images/63.jpg
0,30,832,166,499,images/64.jpg
0,30,832,499,499,images/65.jpg
0,30,832,832,499,images/66.jpg
0,90,832,166,499,images/67.jpg
0,90,832,499,499,images/68.jpg
0,90,832,832,499,images/69.jpg
0,150,832,166,499,images/70.jpg
0,150,832,499,499,images/71.jpg
0,150,832,832,499,images/72.jpg
0,30,832,166,832,images/73.jpg
0,30,832,499,832,images/74.jpg
0,30,832,832,832,images/75.jpg
0,90,832,166,832,images/76.jpg
0,90,832,499,832,images/77.jpg
0,90,832,832,832,images/78.jpg
0,150,832,166,832,images/79.jpg
0,150,832,499,832,images/80.jpg
0,150,832,832,832,images/81.jpg
11,30,166,166,166,images/82.jpg
11,30,166,499,166,images/83.jpg
11,30,166,832,166,images/84.jpg
11,90,166,166,166,images/85.jpg
11,90,166,499,166,images/86.jpg
11,90,166,832,166,images/87.jpg
11,150,166,166,166,images/88.jpg
11,150,166,499,166,images/89.jpg
11,150,166,832,166,images/90.jpg
11,30,166,166,499,images/91.jpg
11,30,166,499,499,images/92.jpg
11,30,166,832,499,images/93.jpg
11,90,166,166,499,images/94.jpg
11,90,166,499,499,images/95.jpg
11,90,166,832,499,images/96.jpg
11,150,166,166,499,images/97.jpg
11,150,166,499,499,images/98.jpg
11,150,166,832,499,images/99.jpg
11,30,166,166,832,images/100.jpg
11,30,166,499,832,images/101.jpg
11,30,166,832,832,images/102.jpg
11,90,166,166,832,images/103.jpg
11,90,166,499,832,images/104.jpg
11,90,166,832,832,images/105.jpg
11,150,166,166,832,images/106.jpg
11,150,166,499,832,images/107.jpg
11,150,166,832,832,images/108.jpg
11,30,499,166,166,images/109.jpg
11,30,499,499,166,images/110.jpg
11,30,499,832,166,images/111.jpg
11,90,499,166,166,images/112.jpg
11,90,499,499,166,images/113.jpg
11,90,499,832,166,images/114.jpg
11,150,499,166,166,images/115.jpg
11,150,499,499,166,images/116.jpg
11,150,499,832,166,images/117.jpg
11,30,499,166,499,images/118.jpg
11,30,499,499,499,images/119.jpg
11,30,499,832,499,images/120.jpg
11,90,499,166,499,images/121.jpg
11,90,499,499,499,images/122.jpg
11,90,499,832,499,images/123.jpg
11,150,499,166,499,images/124.jpg
11,150,499,499,499,images/125.jpg
11,150,499,832,499,images/126.jpg
11,30,499,166,832,images/127.jpg
11,30,499,499,832,images/128.jpg
11,30,499,832,832,images/129.jpg
11,90,499,166,832,images/130.jpg
11,90,499,499,832,images/131.jpg
11,90,499,832,832,images/132.jpg
11,150,499,166,832,images/133.jpg
11,150,499,499,832,images/134.jpg
11,150,499,832,832,images/135.jpg
11,30,832,166,166,images/136.jpg
11,30,832,499,166,images/137.jpg
11,30,832,832,166,images/138.jpg
11,90,832,166,166,images/139.jpg
11,90,832,499,166,images/140.jpg
11,90,832,832,166,images/141.jpg
11,150,832,166,166,images/142.jpg
11,150,832,499,166,images/143.jpg
11,150,832,832,166,images/144.jpg
11,30,832,166,499,images/145.jpg
11,30,832,499,499,images/146.jpg
11,30,832,832,499,images/147.jpg
11,90,832,166,499,images/148.jpg
11,90,832,499,499,images/149.jpg
11,90,832,832,499,images/150.jpg
11,150,832,166,499,images/151.jpg
11,150,832,499,499,images/152.jpg
11,150,832,832,499,images/153.jpg
11,30,832,166,832,images/154.jpg
11,30,832,499,832,images/155.jpg
11,30,832,832,832,images/156.jpg
11,90,832,166,832,images/157.jpg
11,90,832,499,832,images/158.jpg
11,90,832,832,832,images/159.jpg
11,150,832,166,832,images/160.jpg
11,150,832,499,832,images/161.jpg
11,150,832,832,832,images/162.jpg
22,30,166,166,166,images/163.jpg
22,30,166,499,166,images/164.jpg
22,30,166,832,166,images/165.jpg
22,90,166,166,166,images/166.jpg
22,90,166,499,166,images/167.jpg
22,90,166,832,166,images/168.jpg
22,150,166,166,166,images/169.jpg
22,150,166,499,166,images/170.jpg
22,150,166,832,166,images/171.jpg
22,30,166,166,499,images/172.jpg
22,30,166,499,499,images/173.jpg
22,30,166,832,499,images/174.jpg
22,90,166,166,499,images/175.jpg
22,90,166,499,499,images/176.jpg
22,90,166,832,499,images/177.jpg
22,150,166,166,499,images/178.jpg
22,150,166,499,499,images/179.jpg
22,150,166,832,499,images/180.jpg
22,30,166,166,832,images/181.jpg
22,30,166,499,832,images/182.jpg
22,30,166,832,832,images/183.jpg
22,90,166,166,832,images/184.jpg
22,90,166,499,832,images/185.jpg
22,90,166,832,832,images/186.jpg
22,150,166,166,832,images/187.jpg
22,150,166,499,832,images/188.jpg
22,150,166,832,832,images/189.jpg
22,30,499,166,166,images/190.jpg
22,30,499,499,166,images/191.jpg
22,30,499,832,166,images/192.jpg
22,90,499,166,166,images/193.jpg
22,90,499,499,166,images/194.jpg
22,90,499,832,166,images/195.jpg
22,150,499,166,166,images/196.jpg
22,150,499,499,166,images/197.jpg
22,150,499,832,166,images/198.jpg
22,30,499,166,499,images/199.jpg
22,30,499,499,499,images/200.jpg
22,30,499,832,499,images/201.jpg
22,90,499,166,499,images/202.jpg
22,90,499,499,499,images/203.jpg
22,90,499,832,499,images/204.jpg
22,150,499,166,499,images/205.jpg
22,150,499,499,499,images/206.jpg
22,150,499,832,499,images/207.jpg
22,30,499,166,832,images/208.jpg
22,30,499,499,832,images/209.jpg
22,30,499,832,832,images/210.jpg
22,90,499,166,832,images/211.jpg
22,90,499,499,832,images/212.jpg
22,90,499,832,832,images/213.jpg
22,150,499,166,832,images/214.jpg
22,150,499,499,832,images/215.jpg
22,150,499,832,832,images/216.jpg
22,30,832,166,166,images/217.jpg
22,30,832,499,166,images/218.jpg
22,30,832,832,166,images/219.jpg
22,90,832,166,166,images/220.jpg
22,90,832,499,166,images/221.jpg
22,90,832,832,166,images/222.jpg
22,150,832,166,166,images/223.jpg
22,150,832,499,166,images/224.jpg
22,150,832,832,166,images/225.jpg
22,30,832,166,499,images/226.jpg
22,30,832,499,499,images/227.jpg
22,30,832,832,499,images/228.jpg
22,90,832,166,499,images/229.jpg
22,90,832,499,499,images/230.jpg
22,90,832,832,499,images/231.jpg
22,150,832,166,499,images/232.jpg
22,150,832,499,499,images/233.jpg
22,150,832,832,499,images/234.jpg
22,30,832,166,832,images/235.jpg
22,30,832,499,832,images/236.jpg
22,30,832,832,832,images/237.jpg
22,90,832,166,832,images/238.jpg
22,90,832,499,832,images/239.jpg
22,90,832,832,832,images/240.jpg
22,150,832,166,832,images/241.jpg
22,150,832,499,832,images/242.jpg
22,150,832,832,832,images/243.jpg
33,30,166,166,166,images/244.jpg
33,30,166,499,166,images/245.jpg
33,30,166,832,166,images/246.jpg
33,90,166,166,166,images/247.jpg
33,90,166,499,166,images/248.jpg
33,90,166,832,166,images/249.jpg
33,150,166,166,166,images/250.jpg
33,150,166,499,166,images/251.jpg
33,150,166,832,166,images/252.jpg
33,30,166,166,499,images/253.jpg
33,30,166,499,499,images/254.jpg
33,30,166,832,499,images/255.jpg
33,90,166,166,499,images/256.jpg
33,90,166,499,499,images/257.jpg
33,90,166,832,499,images/258.jpg
33,150,166,166,499,images/259.jpg
33,150,166,499,499,images/260.jpg
33,150,166,832,499,images/261.jpg
33,30,166,166,832,images/262.jpg
33,30,166,499,832,images/263.jpg
33,30,166,832,832,images/264.jpg
33,90,166,166,832,images/265.jpg
33,90,166,499,832,images/266.jpg
33,90,166,832,832,images/267.jpg
33,150,166,166,832,images/268.jpg
33,150,166,499,832,images/269.jpg
33,150,166,832,832,images/270.jpg
33,30,499,166,166,images/271.jpg
33,30,499,499,166,images/272.jpg
33,30,499,832,166,images/273.jpg
33,90,499,166,166,images/274.jpg
33,90,499,499,166,images/275.jpg
33,90,499,832,166,images/276.jpg
33,150,499,166,166,images/277.jpg
33,150,499,499,166,images/278.jpg
33,150,499,832,166,images/279.jpg
33,30,499,166,499,images/280.jpg
33,30,499,499,499,images/281.jpg
33,30,499,832,499,images/282.jpg
33,90,499,166,499,images/283.jpg
33,90,499,499,499,images/284.jpg
33,90,499,832,499,images/285.jpg
33,150,499,166,499,images/286.jpg
33,150,499,499,499,images/287.jpg
33,150,499,832,499,images/288.jpg
33,30,499,166,832,images/289.jpg
33,30,499,499,832,images/290.jpg
33,30,499,832,832,images/291.jpg
33,90,499,166,832,images/292.jpg
33,90,499,499,832,images/293.jpg
33,90,499,832,832,images/294.jpg
33,150,499,166,832,images/295.jpg
33,150,499,499,832,images/296.jpg
33,150,499,832,832,images/297.jpg
33,30,832,166,166,images/298.jpg
33,30,832,499,166,images/299.jpg
33,30,832,832,166,images/300.jpg
33,90,832,166,166,images/301.jpg
33,90,832,499,166,images/302.jpg
33,90,832,832,166,images/303.jpg
33,150,832,166,166,images/304.jpg
33,150,832,499,166,images/305.jpg
33,150,832,832,166,images/306.jpg
33,30,832,166,499,images/307.jpg
33,30,832,499,499,images/308.jpg
33,30,832,832,499,images/309.jpg
33,90,832,166,499,images/310.jpg
33,90,832,499,499,images/311.jpg
33,90,832,832,499,images/312.jpg
33,150,832,166,499,images/313.jpg
33,150,832,499,499,images/314.jpg
33,150,832,832,499,images/315.jpg
33,30,832,166,832,images/316.jpg
33,30,832,499,832,images/317.jpg
33,30,832,832,832,images/318.jpg
33,90,832,166,832,images/319.jpg
33,90,832,499,832,images/320.jpg
33,90,832,832,832,images/321.jpg
33,150,832,166,832,images/322.jpg
33,150,832,499,832,images/323.jpg
33,150,832,832,832,images/324.jpg
44,30,166,166,166,images/325.jpg
44,30,166,499,166,images/326.jpg
44,30,166,832,166,images/327.jpg
44,90,166,166,166,images/328.jpg
44,90,166,499,166,images/329.jpg
44,90,166,832,166,images/330.jpg
44,150,166,166,166,images/331.jpg
44,150,166,499,166,images/332.jpg
44,150,166,832,166,images/333.jpg
44,30,166,166,499,images/334.jpg
44,30,166,499,499,images/335.jpg
44,30,166,832,499,images/336.jpg
44,90,166,166,499,images/337.jpg
44,90,166,499,499,images/338.jpg
44,90,166,832,499,images/339.jpg
44,150,166,166,499,images/340.jpg
44,150,166,499,499,images/341.jpg
44,150,166,832,499,images/342.jpg
44,30,166,166,832,images/343.jpg
44,30,166,499,832,images/344.jpg
44,30,166,832,832,images/345.jpg
44,90,166,166,832,images/346.jpg
44,90,166,499,832,images/347.jpg
44,90,166,832,832,images/348.jpg
44,150,166,166,832,images/349.jpg
44,150,166,499,832,images/350.jpg
44,150,166,832,832,images/351.jpg
44,30,499,166,166,images/352.jpg
44,30,499,499,166,images/353.jpg
44,30,499,832,166,images/354.jpg
44,90,499,166,166,images/355.jpg
44,90,499,499,166,images/356.jpg
44,90,499,832,166,images/357.jpg
44,150,499,166,166,images/358.jpg
44,150,499,499,166,images/359.jpg
44,150,499,832,166,images/360.jpg
44,30,499,166,499,images/361.jpg
44,30,499,499,499,images/362.jpg
44,30,499,832,499,images/363.jpg
44,90,499,166,499,images/364.jpg
44,90,499,499,499,images/365.jpg
44,90,499,832,499,images/366.jpg
44,150,499,166,499,images/367.jpg
44,150,499,499,499,images/368.jpg
44,150,499,832,499,images/369.jpg
44,30,499,166,832,images/370.jpg
44,30,499,499,832,images/371.jpg
44,30,499,832,832,images/372.jpg
44,90,499,166,832,images/373.jpg
44,90,499,499,832,images/374.jpg
44,90,499,832,832,images/375.jpg
44,150,499,166,832,images/376.jpg
44,150,499,499,832,images/377.jpg
44,150,499,832,832,images/378.jpg
44,30,832,166,166,images/379.jpg
44,30,832,499,166,images/380.jpg
44,30,832,832,166,images/381.jpg
44,90,832,166,166,images/382.jpg
44,90,832,499,166,images/383.jpg
44,90,832,832,166,images/384.jpg
44,150,832,166,166,images/385.jpg
44,150,832,499,166,images/386.jpg
44,150,832,832,166,images/387.jpg
44,30,832,166,499,images/388.jpg
44,30,832,499,499,images/389.jpg
44,30,832,832,499,images/390.jpg
44,90,832,166,499,images/391.jpg
44,90,832,499,499,images/392.jpg
44,90,832,832,499,images/393.jpg
44,150,832,166,499,images/394.jpg
44,150,832,499,499,images/395.jpg
44,150,832,832,499,images/396.jpg
44,30,832,166,832,images/397.jpg
44,30,832,499,832,images/398.jpg
44,30,832,832,832,images/399.jpg
44,90,832,166,832,images/400.jpg
44,90,832,499,832,images/401.jpg
44,90,832,832,832,images/402.jpg
44,150,832,166,832,images/403.jpg
44,150,832,499,832,images/404.jpg
44,150,832,832,832,images/405.jpg
55,30,166,166,166,images/406.jpg
55,30,166,499,166,images/407.jpg
55,30,166,832,166,images/408.jpg
55,90,166,166,166,images/409.jpg
55,90,166,499,166,images/410.jpg
55,90,166,832,166,images/411.jpg
55,150,166,166,166,images/412.jpg
55,150,166,499,166,images/413.jpg
55,150,166,832,166,images/414.jpg
55,30,166,166,499,images/415.jpg
55,30,166,499,499,images/416.jpg
55,30,166,832,499,images/417.jpg
55,90,166,166,499,images/418.jpg
55,90,166,499,499,images/419.jpg
55,90,166,832,499,images/420.jpg
55,150,166,166,499,images/421.jpg
55,150,166,499,499,images/422.jpg
55,150,166,832,499,images/423.jpg
55,30,166,166,832,images/424.jpg
55,30,166,499,832,images/425.jpg
55,30,166,832,832,images/426.jpg
55,90,166,166,832,images/427.jpg
55,90,166,499,832,images/428.jpg
55,90,166,832,832,images/429.jpg
55,150,166,166,832,images/430.jpg
55,150,166,499,832,images/431.jpg
55,150,166,832,832,images/432.jpg
55,30,499,166,166,images/433.jpg
55,30,499,499,166,images/434.jpg
55,30,499,832,166,images/435.jpg
55,90,499,166,166,images/436.jpg
55,90,499,499,166,images/437.jpg
55,90,499,832,166,images/438.jpg
55,150,499,166,166,images/439.jpg
55,150,499,499,166,images/440.jpg
55,150,499,832,166,images/441.jpg
55,30,499,166,499,images/442.jpg
55,30,499,499,499,images/443.jpg
55,30,499,832,499,images/444.jpg
55,90,499,166,499,images/445.jpg
55,90,499,499,499,images/446.jpg
55,90,499,832,499,images/447.jpg
55,150,499,166,499,images/448.jpg
55,150,499,499,499,images/449.jpg
55,150,499,832,499,images/450.jpg
55,30,499,166,832,images/451.jpg
55,30,499,499,832,images/452.jpg
55,30,499,832,832,images/453.jpg
55,90,499,166,832,images/454.jpg
55,90,499,499,832,images/455.jpg
55,90,499,832,832,images/456.jpg
55,150,499,166,832,images/457.jpg
55,150,499,499,832,images/458.jpg
55,150,499,832,832,images/459.jpg
55,30,832,166,166,images/460.jpg
55,30,832,499,166,images/461.jpg
55,30,832,832,166,images/462.jpg
55,90,832,166,166,images/463.jpg
55,90,832,499,166,images/464.jpg
55,90,832,832,166,images/465.jpg
55,150,832,166,166,images/466.jpg
55,150,832,499,166,images/467.jpg
55,150,832,832,166,images/468.jpg
55,30,832,166,499,images/469.jpg
55,30,832,499,499,images/470.jpg
55,30,832,832,499,images/471.jpg
55,90,832,166,499,images/472.jpg
55,90,832,499,499,images/473.jpg
55,90,832,832,499,images/474.jpg
55,150,832,166,499,images/475.jpg
55,150,832,499,499,images/476.jpg
55,150,832,832,499,images/477.jpg
55,30,832,166,832,images/478.jpg
55,30,832,499,832,images/479.jpg
55,30,832,832,832,images/480.jpg
55,90,832,166,832,images/481.jpg
55,90,832,499,832,images/482.jpg
55,90,832,832,832,images/483.jpg
55,150,832,166,832,images/484.jpg
55,150,832,499,832,images/485.jpg
55,150,832,832,832,images/486.jpg
66,30,166,166,166,images/487.jpg
66,30,166,499,166,images/488.jpg
66,30,166,832,166,images/489.jpg
66,90,166,166,166,images/490.jpg
66,90,166,499,166,images/491.jpg
66,90,166,832,166,images/492.jpg
66,150,166,166,166,images/493.jpg
66,150,166,499,166,images/494.jpg
66,150,166,832,166,images/495.jpg
66,30,166,166,499,images/496.jpg
66,30,166,499,499,images/497.jpg
66,30,166,832,499,images/498.jpg
66,90,166,166,499,images/499.jpg
66,90,166,499,499,images/500.jpg
66,90,166,832,499,images/501.jpg
66,150,166,166,499,images/502.jpg
66,150,166,499,499,images/503.jpg
66,150,166,832,499,images/504.jpg
66,30,166,166,832,images/505.jpg
66,30,166,499,832,images/506.jpg
66,30,166,832,832,images/507.jpg
66,90,166,166,832,images/508.jpg
66,90,166,499,832,images/509.jpg
66,90,166,832,832,images/510.jpg
66,150,166,166,832,images/511.jpg
66,150,166,499,832,images/512.jpg
66,150,166,832,832,images/513.jpg
66,30,499,166,166,images/514.jpg
66,30,499,499,166,images/515.jpg
66,30,499,832,166,images/516.jpg
66,90,499,166,166,images/517.jpg
66,90,499,499,166,images/518.jpg
66,90,499,832,166,images/519.jpg
66,150,499,166,166,images/520.jpg
66,150,499,499,166,images/521.jpg
66,150,499,832,166,images/522.jpg
66,30,499,166,499,images/523.jpg
66,30,499,499,499,images/524.jpg
66,30,499,832,499,images/525.jpg
66,90,499,166,499,images/526.jpg
66,90,499,499,499,images/527.jpg
66,90,499,832,499,images/528.jpg
66,150,499,166,499,images/529.jpg
66,150,499,499,499,images/530.jpg
66,150,499,832,499,images/531.jpg
66,30,499,166,832,images/532.jpg
66,30,499,499,832,images/533.jpg
66,30,499,832,832,images/534.jpg
66,90,499,166,832,images/535.jpg
66,90,499,499,832,images/536.jpg
66,90,499,832,832,images/537.jpg
66,150,499,166,832,images/538.jpg
66,150,499,499,832,images/539.jpg
66,150,499,832,832,images/540.jpg
66,30,832,166,166,images/541.jpg
66,30,832,499,166,images/542.jpg
66,30,832,832,166,images/543.jpg
66,90,832,166,166,images/544.jpg
66,90,832,499,166,images/545.jpg
66,90,832,832,166,images/546.jpg
66,150,832,166,166,images/547.jpg
66,150,832,499,166,images/548.jpg
66,150,832,832,166,images/549.jpg
66,30,832,166,499,images/550.jpg
66,30,832,499,499,images/551.jpg
66,30,832,832,499,images/552.jpg
66,90,832,166,499,images/553.jpg
66,90,832,499,499,images/554.jpg
66,90,832,832,499,images/555.jpg
66,150,832,166,499,images/556.jpg
66,150,832,499,499,images/557.jpg
66,150,832,832,499,images/558.jpg
66,30,832,166,832,images/559.jpg
66,30,832,499,832,images/560.jpg
66,30,832,832,832,images/561.jpg
66,90,832,166,832,images/562.jpg
66,90,832,499,832,images/563.jpg
66,90,832,832,832,images/564.jpg
66,150,832,166,832,images/565.jpg
66,150,832,499,832,images/566.jpg
66,150,832,832,832,images/567.jpg
77,30,166,166,166,images/568.jpg
77,30,166,499,166,images/569.jpg
77,30,166,832,166,images/570.jpg
77,90,166,166,166,images/571.jpg
77,90,166,499,166,images/572.jpg
77,90,166,832,166,images/573.jpg
77,150,166,166,166,images/574.jpg
77,150,166,499,166,images/575.jpg
77,150,166,832,166,images/576.jpg
77,30,166,166,499,images/577.jpg
77,30,166,499,499,images/578.jpg
77,30,166,832,499,images/579.jpg
77,90,166,166,499,images/580.jpg
77,90,166,499,499,images/581.jpg
77,90,166,832,499,images/582.jpg
77,150,166,166,499,images/583.jpg
77,150,166,499,499,images/584.jpg
77,150,166,832,499,images/585.jpg
77,30,166,166,832,images/586.jpg
77,30,166,499,832,images/587.jpg
77,30,166,832,832,images/588.jpg
77,90,166,166,832,images/589.jpg
77,90,166,499,832,images/590.jpg
77,90,166,832,832,images/591.jpg
77,150,166,166,832,images/592.jpg
77,150,166,499,832,images/593.jpg
77,150,166,832,832,images/594.jpg
77,30,499,166,166,images/595.jpg
77,30,499,499,166,images/596.jpg
77,30,499,832,166,images/597.jpg
77,90,499,166,166,images/598.jpg
77,90,499,499,166,images/599.jpg
77,90,499,832,166,images/600.jpg
77,150,499,166,166,images/601.jpg
77,150,499,499,166,images/602.jpg
77,150,499,832,166,images/603.jpg
77,30,499,166,499,images/604.jpg
77,30,499,499,499,images/605.jpg
77,30,499,832,499,images/606.jpg
77,90,499,166,499,images/607.jpg
77,90,499,499,499,images/608.jpg
77,90,499,832,499,images/609.jpg
77,150,499,166,499,images/610.jpg
77,150,499,499,499,images/611.jpg
77,150,499,832,499,images/612.jpg
77,30,499,166,832,images/613.jpg
77,30,499,499,832,images/614.jpg
77,30,499,832,832,images/615.jpg
77,90,499,166,832,images/616.jpg
77,90,499,499,832,images/617.jpg
77,90,499,832,832,images/618.jpg
77,150,499,166,832,images/619.jpg
77,150,499,499,832,images/620.jpg
77,150,499,832,832,images/621.jpg
77,30,832,166,166,images/622.jpg
77,30,832,499,166,images/623.jpg
77,30,832,832,166,images/624.jpg
77,90,832,166,166,images/625.jpg
77,90,832,499,166,images/626.jpg
77,90,832,832,166,images/627.jpg
77,150,832,166,166,images/628.jpg
77,150,832,499,166,images/629.jpg
77,150,832,832,166,images/630.jpg
77,30,832,166,499,images/631.jpg
77,30,832,499,499,images/632.jpg
77,30,832,832,499,images/633.jpg
77,90,832,166,499,images/634.jpg
77,90,832,499,499,images/635.jpg
77,90,832,832,499,images/636.jpg
77,150,832,166,499,images/637.jpg
77,150,832,499,499,images/638.jpg
77,150,832,832,499,images/639.jpg
77,30,832,166,832,images/640.jpg
77,30,832,499,832,images/641.jpg
77,30,832,832,832,images/642.jpg
77,90,832,166,832,images/643.jpg
77,90,832,499,832,images/644.jpg
77,90,832,832,832,images/645.jpg
77,150,832,166,832,images/646.jpg
77,150,832,499,832,images/647.jpg
77,150,832,832,832,images/648.jpg
88,30,166,166,166,images/649.jpg
88,30,166,499,166,images/650.jpg
88,30,166,832,166,images/651.jpg
88,90,166,166,166,images/652.jpg
88,90,166,499,166,images/653.jpg
88,90,166,832,166,images/654.jpg
88,150,166,166,166,images/655.jpg
88,150,166,499,166,images/656.jpg
88,150,166,832,166,images/657.jpg
88,30,166,166,499,images/658.jpg
88,30,166,499,499,images/659.jpg
88,30,166,832,499,images/660.jpg
88,90,166,166,499,images/661.jpg
88,90,166,499,499,images/662.jpg
88,90,166,832,499,images/663.jpg
88,150,166,166,499,images/664.jpg
88,150,166,499,499,images/665.jpg
88,150,166,832,499,images/666.jpg
88,30,166,166,832,images/667.jpg
88,30,166,499,832,images/668.jpg
88,30,166,832,832,images/669.jpg
88,90,166,166,832,images/670.jpg
88,90,166,499,832,images/671.jpg
88,90,166,832,832,images/672.jpg
88,150,166,166,832,images/673.jpg
88,150,166,499,832,images/674.jpg
88,150,166,832,832,images/675.jpg
88,30,499,166,166,images/676.jpg
88,30,499,499,166,images/677.jpg
88,30,499,832,166,images/678.jpg
88,90,499,166,166,images/679.jpg
88,90,499,499,166,images/680.jpg
88,90,499,832,166,images/681.jpg
88,150,499,166,166,images/682.jpg
88,150,499,499,166,images/683.jpg
88,150,499,832,166,images/684.jpg
88,30,499,166,499,images/685.jpg
88,30,499,499,499,images/686.jpg
88,30,499,832,499,images/687.jpg
88,90,499,166,499,images/688.jpg
88,90,499,499,499,images/689.jpg
88,90,499,832,499,images/690.jpg
88,150,499,166,499,images/691.jpg
88,150,499,499,499,images/692.jpg
88,150,499,832,499,images/693.jpg
88,30,499,166,832,images/694.jpg
88,30,499,499,832,images/695.jpg
88,30,499,832,832,images/696.jpg
88,90,499,166,832,images/697.jpg
88,90,499,499,832,images/698.jpg
88,90,499,832,832,images/699.jpg
88,150,499,166,832,images/700.jpg
88,150,499,499,832,images/701.jpg
88,150,499,832,832,images/702.jpg
88,30,832,166,166,images/703.jpg
88,30,832,499,166,images/704.jpg
88,30,832,832,166,images/705.jpg
88,90,832,166,166,images/706.jpg
88,90,832,499,166,images/707.jpg
88,90,832,832,166,images/708.jpg
88,150,832,166,166,images/709.jpg
88,150,832,499,166,images/710.jpg
88,150,832,832,166,images/711.jpg
88,30,832,166,499,images/712.jpg
88,30,832,499,499,images/713.jpg
88,30,832,832,499,images/714.jpg
88,90,832,166,499,images/715.jpg
88,90,832,499,499,images/716.jpg
88,90,832,832,499,images/717.jpg
88,150,832,166,499,images/718.jpg
88,150,832,499,499,images/719.jpg
88,150,832,832,499,images/720.jpg
88,30,832,166,832,images/721.jpg
88,30,832,499,832,images/722.jpg
88,30,832,832,832,images/723.jpg
88,90,832,166,832,images/724.jpg
88,90,832,499,832,images/725.jpg
88,90,832,832,832,images/726.jpg
88,150,832,166,832,images/727.jpg
88,150,832,499,832,images/728.jpg
88,150,832,832,832,images/729.jpg
99,30,166,166,166,images/730.jpg
99,30,166,499,166,images/731.jpg
99,30,166,832,166,images/732.jpg
99,90,166,166,166,images/733.jpg
99,90,166,499,166,images/734.jpg
99,90,166,832,166,images/735.jpg
99,150,166,166,166,images/736.jpg
99,150,166,499,166,images/737.jpg
99,150,166,832,166,images/738.jpg
99,30,166,166,499,images/739.jpg
99,30,166,499,499,images/740.jpg
99,30,166,832,499,images/741.jpg
99,90,166,166,499,images/742.jpg
99,90,166,499,499,images/743.jpg
99,90,166,832,499,images/744.jpg
99,150,166,166,499,images/745.jpg
99,150,166,499,499,images/746.jpg
99,150,166,832,499,images/747.jpg
99,30,166,166,832,images/748.jpg
99,30,166,499,832,images/749.jpg
99,30,166,832,832,images/750.jpg
99,90,166,166,832,images/751.jpg
99,90,166,499,832,images/752.jpg
99,90,166,832,832,images/753.jpg
99,150,166,166,832,images/754.jpg
99,150,166,499,832,images/755.jpg
99,150,166,832,832,images/756.jpg
99,30,499,166,166,images/757.jpg
99,30,499,499,166,images/758.jpg
99,30,499,832,166,images/759.jpg
99,90,499,166,166,images/760.jpg
99,90,499,499,166,images/761.jpg
99,90,499,832,166,images/762.jpg
99,150,499,166,166,images/763.jpg
99,150,499,499,166,images/764.jpg
99,150,499,832,166,images/765.jpg
99,30,499,166,499,images/766.jpg
99,30,499,499,499,images/767.jpg
99,30,499,832,499,images/768.jpg
99,90,499,166,499,images/769.jpg
99,90,499,499,499,images/770.jpg
99,90,499,832,499,images/771.jpg
99,150,499,166,499,images/772.jpg
99,150,499,499,499,images/773.jpg
99,150,499,832,499,images/774.jpg
99,30,499,166,832,images/775.jpg
99,30,499,499,832,images/776.jpg
99,30,499,832,832,images/777.jpg
99,90,499,166,832,images/778.jpg
99,90,499,499,832,images/779.jpg
99,90,499,832,832,images/780.jpg
99,150,499,166,832,images/781.jpg
99,150,499,499,832,images/782.jpg
99,150,499,832,832,images/783.jpg
99,30,832,166,166,images/784.jpg
99,30,832,499,166,images/785.jpg
99,30,832,832,166,images/786.jpg
99,90,832,166,166,images/787.jpg
99,90,832,499,166,images/788.jpg
99,90,832,832,166,images/789.jpg
99,150,832,166,166,images/790.jpg
99,150,832,499,166,images/791.jpg
99,150,832,832,166,images/792.jpg
99,30,832,166,499,images/793.jpg
99,30,832,499,499,images/794.jpg
99,30,832,832,499,images/795.jpg
99,90,832,166,499,images/796.jpg
99,90,832,499,499,images/797.jpg
99,90,832,832,499,images/798.jpg
99,150,832,166,499,images/799.jpg
99,150,832,499,499,images/800.jpg
99,150,832,832,499,images/801.jpg
99,30,832,166,832,images/802.jpg
99,30,832,499,832,images/803.jpg
99,30,832,832,832,images/804.jpg
99,90,832,166,832,images/805.jpg
99,90,832,499,832,images/806.jpg
99,90,832,832,832,images/807.jpg
99,150,832,166,832,images/808.jpg
99,150,832,499,832,images/809.jpg
99,150,832,832,832,images/810.jpg
110,30,166,166,166,images/811.jpg
110,30,166,499,166,images/812.jpg
110,30,166,832,166,images/813.jpg
110,90,166,166,166,images/814.jpg
110,90,166,499,166,images/815.jpg
110,90,166,832,166,images/816.jpg
110,150,166,166,166,images/817.jpg
110,150,166,499,166,images/818.jpg
110,150,166,832,166,images/819.jpg
110,30,166,166,499,images/820.jpg
110,30,166,499,499,images/821.jpg
110,30,166,832,499,images/822.jpg
110,90,166,166,499,images/823.jpg
110,90,166,499,499,images/824.jpg
110,90,166,832,499,images/825.jpg
110,150,166,166,499,images/826.jpg
110,150,166,499,499,images/827.jpg
110,150,166,832,499,images/828.jpg
110,30,166,166,832,images/829.jpg
110,30,166,499,832,images/830.jpg
110,30,166,832,832,images/831.jpg
110,90,166,166,832,images/832.jpg
110,90,166,499,832,images/833.jpg
110,90,166,832,832,images/834.jpg
110,150,166,166,832,images/835.jpg
110,150,166,499,832,images/836.jpg
110,150,166,832,832,images/837.jpg
110,30,499,166,166,images/838.jpg
110,30,499,499,166,images/839.jpg
110,30,499,832,166,images/840.jpg
110,90,499,166,166,images/841.jpg
110,90,499,499,166,images/842.jpg
110,90,499,832,166,images/843.jpg
110,150,499,166,166,images/844.jpg
110,150,499,499,166,images/845.jpg
110,150,499,832,166,images/846.jpg
110,30,499,166,499,images/847.jpg
110,30,499,499,499,images/848.jpg
110,30,499,832,499,images/849.jpg
110,90,499,166,499,images/850.jpg
110,90,499,499,499,images/851.jpg
110,90,499,832,499,images/852.jpg
110,150,499,166,499,images/853.jpg
110,150,499,499,499,images/854.jpg
110,150,499,832,499,images/855.jpg
110,30,499,166,832,images/856.jpg
110,30,499,499,832,images/857.jpg
110,30,499,832,832,images/858.jpg
110,90,499,166,832,images/859.jpg
110,90,499,499,832,images/860.jpg
110,90,499,832,832,images/861.jpg
110,150,499,166,832,images/862.jpg
110,150,499,499,832,images/863.jpg
110,150,499,832,832,images/864.jpg
110,30,832,166,166,images/865.jpg
110,30,832,499,166,images/866.jpg
110,30,832,832,166,images/867.jpg
110,90,832,166,166,images/868.jpg
110,90,832,499,166,images/869.jpg
110,90,832,832,166,images/870.jpg
110,150,832,166,166,images/871.jpg
110,150,832,499,166,images/872.jpg
110,150,832,832,166,images/873.jpg
110,30,832,166,499,images/874.jpg
110,30,832,499,499,images/875.jpg
110,30,832,832,499,images/876.jpg
110,90,832,166,499,images/877.jpg
110,90,832,499,499,images/878.jpg
110,90,832,832,499,images/879.jpg
110,150,832,166,499,images/880.jpg
110,150,832,499,499,images/881.jpg
110,150,832,832,499,images/882.jpg
110,30,832,166,832,images/883.jpg
110,30,832,499,832,images/884.jpg
110,30,832,832,832,images/885.jpg
110,90,832,166,832,images/886.jpg
110,90,832,499,832,images/887.jpg
110,90,832,832,832,images/888.jpg
110,150,832,166,832,images/889.jpg
110,150,832,499,832,images/890.jpg
110,150,832,832,832,images/891.jpg
121,30,166,166,166,images/892.jpg
121,30,166,499,166,images/893.jpg
121,30,166,832,166,images/894.jpg
121,90,166,166,166,images/895.jpg
121,90,166,499,166,images/896.jpg
121,90,166,832,166,images/897.jpg
121,150,166,166,166,images/898.jpg
121,150,166,499,166,images/899.jpg
121,150,166,832,166,images/900.jpg
121,30,166,166,499,images/901.jpg
121,30,166,499,499,images/902.jpg
121,30,166,832,499,images/903.jpg
121,90,166,166,499,images/904.jpg
121,90,166,499,499,images/905.jpg
121,90,166,832,499,images/906.jpg
121,150,166,166,499,images/907.jpg
121,150,166,499,499,images/908.jpg
121,150,166,832,499,images/909.jpg
121,30,166,166,832,images/910.jpg
121,30,166,499,832,images/911.jpg
121,30,166,832,832,images/912.jpg
121,90,166,166,832,images/913.jpg
121,90,166,499,832,images/914.jpg
121,90,166,832,832,images/915.jpg
121,150,166,166,832,images/916.jpg
121,150,166,499,832,images/917.jpg
121,150,166,832,832,images/918.jpg
121,30,499,166,166,images/919.jpg
121,30,499,499,166,images/920.jpg
121,30,499,832,166,images/921.jpg
121,90,499,166,166,images/922.jpg
121,90,499,499,166,images/923.jpg
121,90,499,832,166,images/924.jpg
121,150,499,166,166,images/925.jpg
121,150,499,499,166,images/926.jpg
121,150,499,832,166,images/927.jpg
121,30,499,166,499,images/928.jpg
121,30,499,499,499,images/929.jpg
121,30,499,832,499,images/930.jpg
121,90,499,166,499,images/931.jpg
121,90,499,499,499,images/932.jpg
121,90,499,832,499,images/933.jpg
121,150,499,166,499,images/934.jpg
121,150,499,499,499,images/935.jpg
121,150,499,832,499,images/936.jpg
121,30,499,166,832,images/937.jpg
121,30,499,499,832,images/938.jpg
121,30,499,832,832,images/939.jpg
121,90,499,166,832,images/940.jpg
121,90,499,499,832,images/941.jpg
121,90,499,832,832,images/942.jpg
121,150,499,166,832,images/943.jpg
121,150,499,499,832,images/944.jpg
121,150,499,832,832,images/945.jpg
121,30,832,166,166,images/946.jpg
121,30,832,499,166,images/947.jpg
121,30,832,832,166,images/948.jpg
121,90,832,166,166,images/949.jpg
121,90,832,499,166,images/950.jpg
121,90,832,832,166,images/951.jpg
121,150,832,166,166,images/952.jpg
121,150,832,499,166,images/953.jpg
121,150,832,832,166,images/954.jpg
121,30,832,166,499,images/955.jpg
121,30,832,499,499,images/956.jpg
121,30,832,832,499,images/957.jpg
121,90,832,166,499,images/958.jpg
121,90,832,499,499,images/959.jpg
121,90,832,832,499,images/960.jpg
121,150,832,166,499,images/961.jpg
121,150,832,499,499,images/962.jpg
121,150,832,832,499,images/963.jpg
121,30,832,166,832,images/964.jpg
121,30,832,499,832,images/965.jpg
121,30,832,832,832,images/966.jpg
121,90,832,166,832,images/967.jpg
121,90,832,499,832,images/968.jpg
121,90,832,832,832,images/969.jpg
121,150,832,166,832,images/970.jpg
121,150,832,499,832,images/971.jpg
121,150,832,832,832,images/972.jpg
132,30,166,166,166,images/973.jpg
132,30,166,499,166,images/974.jpg
132,30,166,832,166,images/975.jpg
132,90,166,166,166,images/976.jpg
132,90,166,499,166,images/977.jpg
132,90,166,832,166,images/978.jpg
132,150,166,166,166,images/979.jpg
132,150,166,499,166,images/980.jpg
132,150,166,832,166,images/981.jpg
132,30,166,166,499,images/982.jpg
132,30,166,499,499,images/983.jpg
132,30,166,832,499,images/984.jpg
132,90,166,166,499,images/985.jpg
132,90,166,499,499,images/986.jpg
132,90,166,832,499,images/987.jpg
132,150,166,166,499,images/988.jpg
132,150,166,499,499,images/989.jpg
132,150,166,832,499,images/990.jpg
132,30,166,166,832,images/991.jpg
132,30,166,499,832,images/992.jpg
132,30,166,832,832,images/993.jpg
132,90,166,166,832,images/994.jpg
132,90,166,499,832,images/995.jpg
132,90,166,832,832,images/996.jpg
132,150,166,166,832,images/997.jpg
132,150,166,499,832,images/998.jpg
132,150,166,832,832,images/999.jpg
132,30,499,166,166,images/1000.jpg
132,30,499,499,166,images/1001.jpg
132,30,499,832,166,images/1002.jpg
132,90,499,166,166,images/1003.jpg
132,90,499,499,166,images/1004.jpg
132,90,499,832,166,images/1005.jpg
132,150,499,166,166,images/1006.jpg
132,150,499,499,166,images/1007.jpg
132,150,499,832,166,images/1008.jpg
132,30,499,166,499,images/1009.jpg
132,30,499,499,499,images/1010.jpg
132,30,499,832,499,images/1011.jpg
132,90,499,166,499,images/1012.jpg
132,90,499,499,499,images/1013.jpg
132,90,499,832,499,images/1014.jpg
132,150,499,166,499,images/1015.jpg
132,150,499,499,499,images/1016.jpg
132,150,499,832,499,images/1017.jpg
132,30,499,166,832,images/1018.jpg
132,30,499,499,832,images/1019.jpg
132,30,499,832,832,images/1020.jpg
132,90,499,166,832,images/1021.jpg
132,90,499,499,832,images/1022.jpg
132,90,499,832,832,images/1023.jpg
132,150,499,166,832,images/1024.jpg
132,150,499,499,832,images/1025.jpg
132,150,499,832,832,images/1026.jpg
132,30,832,166,166,images/1027.jpg
132,30,832,499,166,images/1028.jpg
132,30,832,832,166,images/1029.jpg
132,90,832,166,166,images/1030.jpg
132,90,832,499,166,images/1031.jpg
132,90,832,832,166,images/1032.jpg
132,150,832,166,166,images/1033.jpg
132,150,832,499,166,images/1034.jpg
132,150,832,832,166,images/1035.jpg
132,30,832,166,499,images/1036.jpg
132,30,832,499,499,images/1037.jpg
132,30,832,832,499,images/1038.jpg
132,90,832,166,499,images/1039.jpg
132,90,832,499,499,images/1040.jpg
132,90,832,832,499,images/1041.jpg
132,150,832,166,499,images/1042.jpg
132,150,832,499,499,images/1043.jpg
132,150,832,832,499,images/1044.jpg
132,30,832,166,832,images/1045.jpg
132,30,832,499,832,images/1046.jpg
132,30,832,832,832,images/1047.jpg
132,90,832,166,832,images/1048.jpg
132,90,832,499,832,images/1049.jpg
132,90,832,832,832,images/1050.jpg
132,150,832,166,832,images/1051.jpg
132,150,832,499,832,images/1052.jpg
132,150,832,832,832,images/1053.jpg
143,30,166,166,166,images/1054.jpg
143,30,166,499,166,images/1055.jpg
143,30,166,832,166,images/1056.jpg
143,90,166,166,166,images/1057.jpg
143,90,166,499,166,images/1058.jpg
143,90,166,832,166,images/1059.jpg
143,150,166,166,166,images/1060.jpg
143,150,166,499,166,images/1061.jpg
143,150,166,832,166,images/1062.jpg
143,30,166,166,499,images/1063.jpg
143,30,166,499,499,images/1064.jpg
143,30,166,832,499,images/1065.jpg
143,90,166,166,499,images/1066.jpg
143,90,166,499,499,images/1067.jpg
143,90,166,832,499,images/1068.jpg
143,150,166,166,499,images/1069.jpg
143,150,166,499,499,images/1070.jpg
143,150,166,832,499,images/1071.jpg
143,30,166,166,832,images/1072.jpg
143,30,166,499,832,images/1073.jpg
143,30,166,832,832,images/1074.jpg
143,90,166,166,832,images/1075.jpg
143,90,166,499,832,images/1076.jpg
143,90,166,832,832,images/1077.jpg
143,150,166,166,832,images/1078.jpg
143,150,166,499,832,images/1079.jpg
143,150,166,832,832,images/1080.jpg
143,30,499,166,166,images/1081.jpg
143,30,499,499,166,images/1082.jpg
143,30,499,832,166,images/1083.jpg
143,90,499,166,166,images/1084.jpg
143,90,499,499,166,images/1085.jpg
143,90,499,832,166,images/1086.jpg
143,150,499,166,166,images/1087.jpg
143,150,499,499,166,images/1088.jpg
143,150,499,832,166,images/1089.jpg
143,30,499,166,499,images/1090.jpg
143,30,499,499,499,images/1091.jpg
143,30,499,832,499,images/1092.jpg
143,90,499,166,499,images/1093.jpg
143,90,499,499,499,images/1094.jpg
143,90,499,832,499,images/1095.jpg
143,150,499,166,499,images/1096.jpg
143,150,499,499,499,images/1097.jpg
143,150,499,832,499,images/1098.jpg
143,30,499,166,832,images/1099.jpg
143,30,499,499,832,images/1100.jpg
143,30,499,832,832,images/1101.jpg
143,90,499,166,832,images/1102.jpg
143,90,499,499,832,images/1103.jpg
143,90,499,832,832,images/1104.jpg
143,150,499,166,832,images/1105.jpg
143,150,499,499,832,images/1106.jpg
143,150,499,832,832,images/1107.jpg
143,30,832,166,166,images/1108.jpg
143,30,832,499,166,images/1109.jpg
143,30,832,832,166,images/1110.jpg
143,90,832,166,166,images/1111.jpg
143,90,832,499,166,images/1112.jpg
143,90,832,832,166,images/1113.jpg
143,150,832,166,166,images/1114.jpg
143,150,832,499,166,images/1115.jpg
143,150,832,832,166,images/1116.jpg
143,30,832,166,499,images/1117.jpg
143,30,832,499,499,images/1118.jpg
143,30,832,832,499,images/1119.jpg
143,90,832,166,499,images/1120.jpg
143,90,832,499,499,images/1121.jpg
143,90,832,832,499,images/1122.jpg
143,150,832,166,499,images/1123.jpg
143,150,832,499,499,images/1124.jpg
143,150,832,832,499,images/1125.jpg
143,30,832,166,832,images/1126.jpg
143,30,832,499,832,images/1127.jpg
143,30,832,832,832,images/1128.jpg
143,90,832,166,832,images/1129.jpg
143,90,832,499,832,images/1130.jpg
143,90,832,832,832,images/1131.jpg
143,150,832,166,832,images/1132.jpg
143,150,832,499,832,images/1133.jpg
143,150,832,832,832,images/1134.jpg
154,30,166,166,166,images/1135.jpg
154,30,166,499,166,images/1136.jpg
154,30,166,832,166,images/1137.jpg
154,90,166,166,166,images/1138.jpg
154,90,166,499,166,images/1139.jpg
154,90,166,832,166,images/1140.jpg
154,150,166,166,166,images/1141.jpg
154,150,166,499,166,images/1142.jpg
154,150,166,832,166,images/1143.jpg
154,30,166,166,499,images/1144.jpg
154,30,166,499,499,images/1145.jpg
154,30,166,832,499,images/1146.jpg
154,90,166,166,499,images/1147.jpg
154,90,166,499,499,images/1148.jpg
154,90,166,832,499,images/1149.jpg
154,150,166,166,499,images/1150.jpg
154,150,166,499,499,images/1151.jpg
154,150,166,832,499,images/1152.jpg
154,30,166,166,832,images/1153.jpg
154,30,166,499,832,images/1154.jpg
154,30,166,832,832,images/1155.jpg
154,90,166,166,832,images/1156.jpg
154,90,166,499,832,images/1157.jpg
154,90,166,832,832,images/1158.jpg
154,150,166,166,832,images/1159.jpg
154,150,166,499,832,images/1160.jpg
154,150,166,832,832,images/1161.jpg
154,30,499,166,166,images/1162.jpg
154,30,499,499,166,images/1163.jpg
154,30,499,832,166,images/1164.jpg
154,90,499,166,166,images/1165.jpg
154,90,499,499,166,images/1166.jpg
154,90,499,832,166,images/1167.jpg
154,150,499,166,166,images/1168.jpg
154,150,499,499,166,images/1169.jpg
154,150,499,832,166,images/1170.jpg
154,30,499,166,499,images/1171.jpg
154,30,499,499,499,images/1172.jpg
154,30,499,832,499,images/1173.jpg
154,90,499,166,499,images/1174.jpg
154,90,499,499,499,images/1175.jpg
154,90,499,832,499,images/1176.jpg
154,150,499,166,499,images/1177.jpg
154,150,499,499,499,images/1178.jpg
154,150,499,832,499,images/1179.jpg
154,30,499,166,832,images/1180.jpg
154,30,499,499,832,images/1181.jpg
154,30,499,832,832,images/1182.jpg
154,90,499,166,832,images/1183.jpg
154,90,499,499,832,images/1184.jpg
154,90,499,832,832,images/1185.jpg
154,150,499,166,832,images/1186.jpg
154,150,499,499,832,images/1187.jpg
154,150,499,832,832,images/1188.jpg
154,30,832,166,166,images/1189.jpg
154,30,832,499,166,images/1190.jpg
154,30,832,832,166,images/1191.jpg
154,90,832,166,166,images/1192.jpg
154,90,832,499,166,images/1193.jpg
154,90,832,832,166,images/1194.jpg
154,150,832,166,166,images/1195.jpg
154,150,832,499,166,images/1196.jpg
154,150,832,832,166,images/1197.jpg
154,30,832,166,499,images/1198.jpg
154,30,832,499,499,images/1199.jpg
154,30,832,832,499,images/1200.jpg
154,90,832,166,499,images/1201.jpg
154,90,832,499,499,images/1202.jpg
154,90,832,832,499,images/1203.jpg
154,150,832,166,499,images/1204.jpg
154,150,832,499,499,images/1205.jpg
154,150,832,832,499,images/1206.jpg
154,30,832,166,832,images/1207.jpg
154,30,832,499,832,images/1208.jpg
154,30,832,832,832,images/1209.jpg
154,90,832,166,832,images/1210.jpg
154,90,832,499,832,images/1211.jpg
154,90,832,832,832,images/1212.jpg
154,150,832,166,832,images/1213.jpg
154,150,832,499,832,images/1214.jpg
154,150,832,832,832,images/1215.jpg
165,30,166,166,166,images/1216.jpg
165,30,166,499,166,images/1217.jpg
165,30,166,832,166,images/1218.jpg
165,90,166,166,166,images/1219.jpg
165,90,166,499,166,images/1220.jpg
165,90,166,832,166,images/1221.jpg
165,150,166,166,166,images/1222.jpg
165,150,166,499,166,images/1223.jpg
165,150,166,832,166,images/1224.jpg
165,30,166,166,499,images/1225.jpg
165,30,166,499,499,images/1226.jpg
165,30,166,832,499,images/1227.jpg
165,90,166,166,499,images/1228.jpg
165,90,166,499,499,images/1229.jpg
165,90,166,832,499,images/1230.jpg
165,150,166,166,499,images/1231.jpg
165,150,166,499,499,images/1232.jpg
165,150,166,832,499,images/1233.jpg
165,30,166,166,832,images/1234.jpg
165,30,166,499,832,images/1235.jpg
165,30,166,832,832,images/1236.jpg
165,90,166,166,832,images/1237.jpg
165,90,166,499,832,images/1238.jpg
165,90,166,832,832,images/1239.jpg
165,150,166,166,832,images/1240.jpg
165,150,166,499,832,images/1241.jpg
165,150,166,832,832,images/1242.jpg
165,30,499,166,166,images/1243.jpg
165,30,499,499,166,images/1244.jpg
165,30,499,832,166,images/1245.jpg
165,90,499,166,166,images/1246.jpg
165,90,499,499,166,images/1247.jpg
165,90,499,832,166,images/1248.jpg
165,150,499,166,166,images/1249.jpg
165,150,499,499,166,images/1250.jpg
165,150,499,832,166,images/1251.jpg
165,30,499,166,499,images/1252.jpg
165,30,499,499,499,images/1253.jpg
165,30,499,832,499,images/1254.jpg
165,90,499,166,499,images/1255.jpg
165,90,499,499,499,images/1256.jpg
165,90,499,832,499,images/1257.jpg
165,150,499,166,499,images/1258.jpg
165,150,499,499,499,images/1259.jpg
165,150,499,832,499,images/1260.jpg
165,30,499,166,832,images/1261.jpg
165,30,499,499,832,images/1262.jpg
165,30,499,832,832,images/1263.jpg
165,90,499,166,832,images/1264.jpg
165,90,499,499,832,images/1265.jpg
165,90,499,832,832,images/1266.jpg
165,150,499,166,832,images/1267.jpg
165,150,499,499,832,images/1268.jpg
165,150,499,832,832,images/1269.jpg
165,30,832,166,166,images/1270.jpg
165,30,832,499,166,images/1271.jpg
165,30,832,832,166,images/1272.jpg
165,90,832,166,166,images/1273.jpg
165,90,832,499,166,images/1274.jpg
165,90,832,832,166,images/1275.jpg
165,150,832,166,166,images/1276.jpg
165,150,832,499,166,images/1277.jpg
165,150,832,832,166,images/1278.jpg
165,30,832,166,499,images/1279.jpg
165,30,832,499,499,images/1280.jpg
165,30,832,832,499,images/1281.jpg
165,90,832,166,499,images/1282.jpg
165,90,832,499,499,images/1283.jpg
165,90,832,832,499,images/1284.jpg
165,150,832,166,499,images/1285.jpg
165,150,832,499,499,images/1286.jpg
165,150,832,832,499,images/1287.jpg
165,30,832,166,832,images/1288.jpg
165,30,832,499,832,images/1289.jpg
165,30,832,832,832,images/1290.jpg
165,90,832,166,832,images/1291.jpg
165,90,832,499,832,images/1292.jpg
165,90,832,832,832,images/1293.jpg
165,150,832,166,832,images/1294.jpg
165,150,832,499,832,images/1295.jpg
165,150,832,832,832,images/1296.jpg